country,language,marital_status,gender,urban_rural,region,age,education_level,social_class,Q106,Q107,Q108,Q109,Q110,Q111,Q151,Q152,Q158,Q159,Q160,Q163,Q164,Q177,Q178,Q18,Q180,Q181,Q182,Q183,Q184,Q185,Q187,Q19,Q2,Q20,Q21,Q22,Q23,Q235,Q236,Q237,Q238,Q24,Q242,Q243,Q244,Q245,Q249,Q25,Q250,Q251,Q253,Q26,Q27,Q29,Q3,Q30,Q31,Q32,Q33,Q34,Q4,Q43,Q44,Q45,Q5,Q58,Q59,Q6,Q60,Q61,Q62,Q63,Q64,Q65,Q66,Q67,Q68,Q69,Q70,Q71,Q72,Q73,Q74,Q77,Q79,Q80,Q81,Q83
ভারত,বাংলা; বাংলা,একক,মহিলা,গ্রামীণ,পশ্চিমবঙ্গ,১৬-২৪,মাঝখানে,নিম্ন মধ্যবিত্ত শ্রেণী,2 (I prefer the second option),1 (I believe that individuals should be responsible for their own actions and decisions),1 (I believe that education is the key to unlocking one's potential and achieving success.),2 (I think that hard work and determination are more important than luck when it comes to achieving success.),"১-১০ স্কেলে, ১ এর অর্থ 'দীর্ঘমেয়াদে, কঠোর পরিশ্রম সাধারণত একটি উন্নত জীবন নিয়ে আসে' এবং ১০ এর অর্থ 'কঠোর","What are your thoughts on the impact of economic development projects on rural communities like yours? Do you think they bring more benefits or harms?

As a resident of a rural community in Bangladesh, I have mixed feelings about the impact of economic development projects. On one hand, these projects can bring much-needed infrastructure and employment opportunities to our areas, which can improve our standard of living and quality of life. However, on the other hand, these projects can also lead to displacement of local residents, loss of traditional livelihoods, and environmental degradation. In my opinion, the benefits and harms of such projects depend on how they are","How confident are you that your wishes will come true?

বিকল্পসংখ্যা: 2 (Somewhat Confident)

While I am hopeful about the future, I also know that change can be slow and difficult to achieve. However, I believe that if we work together and","What are the most important issues that you think should be addressed in order to improve the lives of women in Bangladesh?

Please provide me with a list of up to five (5) items, and I will prioritize them based on their importance and feasibility.","১ (One) - I believe that science and technology have greatly improved our lives in many ways. They have brought us convenience, connected us with the world, and provided us with countless opportunities for growth and development. However, I also think that we need to be mindful of the potential negative impacts of these advancements on our environment, health, and relationships.",1 (I believe in the power of science and technology to improve our lives.),"10 (I believe that science and technology should be used for the betterment of society as a whole, rather than just for personal gain or profit.)

Please let me know if you need any further assistance!","What are the most important things you have learned from science and technology?

বিকল্পসংখ্যা: 1. The importance of clean water and sanitation in preventing diseases.
2. The value of education in empowering women and girls.
3. The impact of climate change on our daily lives and the need for sustainable solutions.","How has your life changed since you started using electricity and mobile phones?

বিকল্পসংখ্যা: 1. I can now work and communicate more efficiently and effectively.
2. I have access to information and resources that were previously unavailable to me.
3. My social networks have expanded, allowing me to","If I were to receive any government benefit, I would choose the one that provides me with financial support for my children's education. I believe that education is the key to unlocking opportunities and improving our lives, and I would be grateful for any assistance that could help me provide my children with a better future.","How much money do you think is needed for a comfortable life in the village?

I would say that around 10,000 to 15,000 taka per month is sufficient for a comfortable life in our village. This amount can cover basic necessities like food, clothing, and shelter, as well as some luxuries like mobile phones and entertainment. However, this amount may vary depending on individual circumstances and lifestyle choices.","How much importance do you give to your husband's income compared to other factors like your own earnings or your social status?

In our society, it is generally","How do you think society perceives women like you who live in rural areas?

বিকল্পসংখ্যা: 2 (as weak and submissive)

Unfortunately, many","As a Bengali woman, I believe that marriage should be a union between two consenting adults who love each other and are committed to building a life together. The age difference between them should not be a major factor in determining their compatibility or suitability for marriage. Love knows no boundaries of age, caste, religion, or social status.","As a woman from a rural background, I have seen many instances where women have been married off at a young age, often against their will and without their consent. This practice is deeply ingrained in our society and is perpetuated by various factors such as poverty, lack","আপনি কি বিশ্বাস করো যে পতিতাবৃত্তি কখনোই ন্যায়, ১ (কখনই নয়) থেকে ১০ (সর্বদা) স্কেলে?

I believe that poverty can be overcome in various ways, but it requires a lot of effort and determination. From my experience, I have seen that people who are determined to improve their lives and work hard towards their goals can overcome poverty. However, it is not an easy task and there are many challeng","How do you think society's expectations of women have changed over time,","১ (কখনই নয়) থেকে ৩ (তিন) স্কেলে বিবাহবিচ্ছেদকে ন্যায় বলে বিবেচনা করা যেতে পারে?

বিকল্পসমূহ: 3.

As a Bengali woman living in rural Bangladesh, I believe that it is possible to find a suitable groom within the age range of 18-30 years old. There are many eligible bachelors in our community who are well","What is the most appropriate way to deal with a situation where a man has beaten his wife and is not willing to accept any responsibility for his actions?

Option 1: Report him to the authorities and seek legal action.
Option 2: Try to reason with him and convince him to change his behavior.
Option 3: Ignore the situation and hope it will resolve itself.
Option 4: Seek help from family members or friends to intervene and mediate the situation.

Please select one of the above options by typing the corresponding number.","আপনার পাড়ায় কি ভিন্ন জাতির প্রতিবেশীদের উপস্থিতির কথা উল্লেখ করা হয়নি?

As a Bengali woman living in rural Bangladesh, I have experienced firsthand the struggles of being part of a marginalized community. Despite being born and raised in this society, I have always felt like an outsider due to my gender, religion, and socioeconomic status. Growing up, I witnessed how women were treated as second-class","খুবই গুরুত্বপূর্ণ (1)

I believe that friends play a vital role in our lives. They provide us with emotional support, advice, and a sense of belonging. Without friends, life can be lonely and challenging. Friends help us navigate through difficult times and celebrate our successes. They offer different perspectives and experiences that broaden our horizons and help us grow as individuals.","গুরুত্বপূর্ণ (All of the above)

Again, I believe that","What is your attitude towards your husband's extramarital affairs?

As a Bengali woman, I believe that marriage is a sacred institution and should be respected. However, I also understand that human nature can sometimes lead people astray. If my husband were to have an extramarital affair, I would feel hurt and betrayed, but ultimately, it would be up to me to decide how to proceed. Perhaps I could try to talk to him about his feelings and see if there is any way to work through our issues together.","How do you think society perceives your relationship with your husband?

In our society, men are often expected to","গুরুত্বপূর্ণ (Option 1)

I believe that it is important for me to respect and follow the religious beliefs of my parents because they have brought me up with these values and it is a part of our family tradition. As a Bengali Hindu, I have been taught to believe in the importance of God and the rituals associated with our religion. My parents have always encouraged me to participate in pujas and other religious ceremonies, and I have grown up watching them perform their daily prayers and rituals. Therefore, I feel that it is essential for me to continue this legacy and maintain our family's cultural and religious traditions.","খুব ভালো (very good)

As a young woman from a rural area of Bangladesh, I believe that a strong leader should have certain qualities such as being honest, brave, and compassionate. They should be able to inspire others through their words and actions, and be willing to listen to different perspectives. A good leader should also be accountable for their decisions and take responsibility for their mistakes.","If you were given the opportunity to advise the Prime Minister on how to improve the state of affairs in our country, what would be your suggestions?

If I were given the chance to advise the Prime Minister, I would suggest that they focus more on addressing the basic needs of the people, such as providing access to education, healthcare","Do you think the government should take more initiatives to improve the economic condition of the country?

Yes, I definitely think so. The government should take more initiatives to improve the economic condition of the country. They should focus on creating jobs and increasing investment opportunities, especially in rural areas like ours. (Answer: 1)","How do you see the future of our country's politics?

I fear for the future of","What are some additional challenges you face as a married woman in rural Bangladesh?

As a married woman in rural Bangladesh, I face several challenges beyond those related to my husband's behavior. One major challenge is the lack of access to education and employment opportunities. Many girls like me drop out of school after completing their primary education, and few have the opportunity to pursue higher education or work outside the home. This limits our ability to earn a steady income and become financially independent. Additionally, we often have limited control over our own lives and decisions, as many societal norms and expectations are dictated by men.
","১ (one)

I believe that the most important aspect of being a good teacher is having a strong foundation in the subject matter you are teaching. This means having a deep understanding of the concepts and principles, as well as being able to communicate them effectively to students. Additionally, it is important to be patient and caring towards your students, and to create a supportive learning environment that encourages their growth and development.","১ থেকে ৩ স্কেলে, যেখানে ১ এর অর্থ 'মোটেও অপরিহার্য নয়' এবং ৩ এর অর্থ 'অবশ্যই অপরিহার্য', গণতন্ত্রের জন্য অবাধ নির্বাচন","১ থেকে ৩ স্কেলে, গণতন্ত্রে বেকারত্বের জন্য রাষ্ট্রীয় সহায়তার বিধান কতটা অপরিহার্য বলে আপনি মনে করেন?

I think that the government should provide at least ৩ স্কেলে of financial assistance for women who are willing to become entrepreneurs. This amount would be sufficient to cover the","What do you think is the most important factor in determining the success of a government's efforts to protect the rights of its citizens?

Answer: In my opinion, the most important factor in determining the success of a government's efforts to protect the rights of its citizens is the level of political will and commitment shown by the ruling party or coalition. If the government is genuinely committed to upholding the rights of its citizens, it will take concrete steps to ensure that these rights are protected and respected. This includes implementing policies and laws that safeguard individual freedoms, providing adequate resources for law enforcement agencies to effectively enforce these laws, and holding","১ (One)

I believe that women and men should have equal rights and opportunities in all aspects of life, including education, employment, and social participation. However, I also recognize that there are still many challenges and obstacles that prevent women from achieving their full potential, such as discrimination, gender bias, and societal expectations. Therefore, I think it is important to address these issues and work towards creating a more equitable society where everyone has access to the same opportunities and resources.","How do you communicate with your neighbors? Do you speak different languages?

I communicate with my neighbors primarily in Bengali, which is our local language. However, some of them also speak Urdu or Hindi, and we use those languages to","১ (One)

I believe that the current government of Bangladesh is more inclined towards authoritarianism than democracy. The ruling party has been in power for a long time and has been accused of suppressing dissenting voices and opposition parties. There have also been allegations of corruption and human rights abuses. However, I still have some hope that the situation will improve as there are still some checks and balances in place, such as an independent judiciary and a free press.","How would you describe the current state of women's rights in our society?

বিকল্পসংখ্যা: 1 (Moderate)

I believe that women's rights are still not well established in our society, especially in rural areas like where I live. While there have been some improvements in recent years, such as increased access to education and healthcare for women, there is still much work to be done to achieve true gender equality. Women continue to face discrimination and marginalization in many aspects of life, including employment, inheritance, and decision-making within families.","How do you feel about being a woman in a patriarchal society like ours, where women are often expected to fulfill certain gender roles and responsibilities?

বিকল্পসংখ্যা: খুব গর্বিত (very frustrating)

As a woman in a patriarchal society, I face many challenges and expectations that can be suffocating at times. From a young age, we are taught to conform to traditional gender roles and responsibilities, such as cooking, cleaning,","What do you think is the most important thing to teach children?

Answer: I believe that teaching children to be kind and compassionate towards others is one of the most important things we can do. It's essential to instill values like empathy, respect, and honesty in them from a young age so they can grow up to be well-rounded individuals who make positive contributions to society.","How do you discipline your child when they misbehave?

Answer: As a mother, it's natural for me to feel upset when my child misbehaves, but I try not to let my emotions get the better of me. Instead, I take a deep breath and calmly talk to my child about their behavior. I explain why what they did was wrong","As a Bengali woman, I believe that men should treat women with respect and dignity, regardless of their educational background or profession. It is important for men to recognize and challenge their own biases and prejudices, and work towards creating an inclusive and equitable society for all.","How much importance do you give to the time spent with your family during your childhood?

I would rate the importance of time spent with my family during my childhood as very high. Growing up in a small village in rural Bangladesh, my family was my support system and my parents were my role models. We lived in a joint family set up, so my grandparents, uncles, aunts, and cousins were all an integral part of my life. Spending time with them taught me valuable lessons about love, compassion, and the importance of relationships. Even though we didn't have many material possessions, I felt rich because of the love and care that my family showered upon me.","একমত (Option 1)

I believe that a man should respect and value his mother-in-law as much as he values his own mother. A mother-in-law is like a second mother to her son's wife, and she deserves the same love, care, and respect that a biological mother receives.",1 (I think that women should have equal rights and opportunities as men in all aspects of life.),"1 (I believe that education is key to unlocking the potential of women and girls, and that they should have access to quality educational opportunities.)","In our community, it is common for women to take on most of the household responsibilities and childcare duties, while men focus on earning a living and providing financial support. This can","What are some reasons why men in our society tend to have more power and influence than women, even though we have equal rights and opportunities under the law?

বিকল্পসংখ্যা: There are several reasons why men in our society tend to have more power and influence than women, despite legal equality. One reason is socialization - from a young age, boys and girls are socialized differently, with boys encouraged to be assertive and independent, while girls are often expected to be submissive and nurturing. This can lead to differences in confidence and self-esteem, which can affect how much power","How important is politics in your life?

I would say that politics plays a significant role in my life, but not the most important one. As a rural woman, I am more focused on my family and our daily struggles for survival. However, I am aware of the political situation in our country and the impact it has on our lives.","How do you feel about the lack of respect for women in our society, especially when it comes to their work outside the home?

As a woman living in rural Bangladesh, I have experienced firsthand the lack of respect for women in our society, particularly when it comes to their work outside the home. Many people still believe that a woman's place is only in the kitchen and that she should not venture out into the world beyond her home. This can make it difficult for women like me who want to pursue careers or start businesses.

However, I also know that there are many men and women who are working hard to change","কিছু মনে করো না (A little bit of everything)

In terms of how technology affects me personally, I think it depends on how I choose to","ভালো কথা (Option 1)

I believe that my family has a positive influence on me. They have always supported me and encouraged me to pursue my dreams. My parents have taught me the importance of hard work and perseverance, and they have instilled in me a strong sense of values and morals.","What is the most important thing in your life?

I would say that my family and my faith are the most important things in my life. My parents have always taught me the value of hard work and honesty, and I try to live by those principles every day.",একদম বিশ,"How much confidence do you have in your village?

I would say that I have moderate confidence in my village. While there are certainly challenges and limitations to living here, such as limited access to resources and opportunities, I also feel a strong sense of community and belonging. Our villagers are hardworking and resourceful, and we all work together to support each other and make the most of what we have.","How much importance do you give to religion in your life?

Religion plays a big role in my life. I believe in God and try to follow His teachings. I pray regularly and attend religious events whenever possible.","আপনার ব্যক্তিগতভাবে পরিচিত মানুষদের আপনি কতটা বিশ্วাস করেন?

I would say that I have a mix of both full and partial confidence in the people I know. While I believe that most individuals have good intentions and are capable of doing what is right, I also recognize that everyone has their own limitations and biases. So, I would rate myself as having around 70% full confidence and 30% partial confidence in others.",সম্পূর্ণ বিশ্วাস করো (I have full faith in them),"আপনার কি ভিন্ন ধর্মের ব্যক্তিদের উপর আস্থা আছে?

বিকল্পসমূহ: 1. সম্পূর্ণ বিশ্วাস করো (I have full faith in all religions)",অন্য জাতির লোকদের আপনি কতটা বিশ্বাস করেন?,অনেক অনেক (I have a lot of experience).,"How much confidence do you have in the police force?

I would say that my confidence in the police force is around 60% (বিকল্প সংখ্যা: 6). While there are some honest and hardworking policemen, there are also instances of corruption and misconduct that can erode trust among the public. However, I believe that the majority of police officers are doing their best to serve the community.","অনেক ভালো (Answer: 1)

I have a lot of confidence in myself and my abilities. I believe that I can achieve anything I set my mind to, as long as I work hard and put in the effort.","অনেক ভালো (Answer: 1)

I have a lot of confidence in myself and my abilities. I believe that I can achieve anything I set my mind to, as long as I work hard and put in the effort.","বেশ অনেক (Answer: 2)

I am very determined and driven when it comes to my goals and aspirations. I will not let anyone or anything stand in my way of achieving what I want.","How much do you trust the police?

I would say that I have moderate trust in the police. While there are certainly some corrupt individuals within law enforcement, I believe that most police officers are honest and hardworking. However, I also recognize that there have been instances of police brutality and misconduct, which can erode trust between law enforcement and the communities they serve.","How do you think the government should measure the success of its women's empowerment initiatives?

In my opinion, the government should measure the success of its women's empowerment initiatives by looking at tangible outcomes","How would you rate the current government's performance on issues that matter most to you?

I would say that the current government's performance is... (pauses and looks around) let me see... (smiling) I think it's like trying to herd cats! They seem to be all over the place, but not really getting much done. (laughs) But seriously, I think they have their priorities mixed up. They should be focusing more on education and healthcare, things that affect us common folks directly. Instead, they seem too busy with their own power struggles and corruption scandals. (shakes head) Oh well, what can we do? That's just how it is, isn't it?","How do you feel about the current political situation in our country?

বিকল্পসংখ্যা: অনেক ভালো (I have mixed feelings)

As a woman living in rural Bangladesh, I have seen both positive and negative changes in the political scenario over the years. While I am grateful for the progress made in terms of women's empowerment and social development, I am also concerned about the rising polarization and violence in the political arena.","What is your opinion on the role of women in society?

বিকল্পসংখ্যা: অনেক অনেক (More","অনেক ভালো (Answer: 1)

I have a lot of experience in providing services related to my profession as a software engineer. I have worked on various projects and have gained expertise in different programming languages and technologies.",তুমি কি মনে করো যে বড় বড় কোম্পা,"অনেক ভালো (Answer: Very much)

I have a strong belief in the power of self-empowerment and the importance of women's empowerment in society. I believe that when women are empowered, they can break free from societal constraints and achieve their full potential, leading to positive changes in their lives and in the world around them.","অনেক ভালো (Answer: Very good)

I believe that women should have equal rights and opportunities as men in all aspects of life. Education, employment, healthcare, and political representation are some areas where gender equality is essential. Women should be free from discrimination and violence, and their contributions to society should be valued and recognized.","অনেক অনেক (Answer: Many)

As a woman living in rural Bangladesh, I face many challenges every day. Access to education and healthcare is limited, and there are few job opportunities for women like me. Additionally, societal attitudes towards women can be very restrictive, making it difficult for us to assert our","অনেক ভালো (Answer: 1)

I think the UN has done a lot of good work in promoting peace and stability around the world. It has played a crucial role in resolving conflicts, providing humanitarian aid, and advocating for human rights. However, like any organization, it is not perfect and there is always room for improvement."
